{ "deliveryManagerList" : [ { "empNumber" : 110745,
        "firstName" : "Gnanasekar",
        "lastName" : "N"
      } ],
  "designationList" : [ { "cd" : 1,
        "desc" : "ASE Trainee"
      },
      { "cd" : 2,
        "desc" : "ASE"
      },
      { "cd" : 3,
        "desc" : "SE"
      },
      { "cd" : 4,
        "desc" : "ITA"
      },
      { "cd" : 5,
        "desc" : "AST"
      },
      { "cd" : 6,
        "desc" : "ASC"
      },
      { "cd" : 7,
        "desc" : "CON"
      },
      { "cd" : 8,
        "desc" : "Sr. CON"
      },
      { "cd" : 9,
        "desc" : "Pr. CON"
      },
      { "cd" : 10,
        "desc" : "VP"
      }
    ],
  "groupLeadList" : [ { "empNumber" : 107154,
        "firstName" : "Sarang",
        "lastName" : "R"
      } ],
      
      "projectList" :
       [ 
      
      { 
        "cd" : 1,
        "desc" : "FPSupport"
        
      } ,
      { 
        "cd" : 2,
        "desc" : "FPDev"
        
      } 
      ,
       { 
        "cd" : 3,
        "desc" : "T&M"
        
      } 
      
      ],
      "traveltoList" :
       [ 
      
     { 
        "cd" : 1,
        "desc" : "Atlanta"
        
      } ,
      { 
        "cd" : 2,
        "desc" : "Mexico"
        
      } ,
      { 
        "cd" : 3,
        "desc" : "Canada"
        
      } ,
      { 
        "cd" : 4,
        "desc" : "Austin"
        
      } 
      
      ],
      
      "initialStatusValue" : 
      [
      
      {
         "cd" : 1,
        "desc" : "New"
      },
      {
         "cd" : 2,
        "desc" : "Replacement"
      }
      ],
       "travelPeriodlist" : 
      [
      
      {
         "cd" : 12,
        "desc" : "Long Term"
      },
      {
         "cd" : 6,
        "desc" : "Short Term"
      }
      ],
      
     
      
  "header" : { "code" : 0,
      "status" : 200
    },
  "locationList" : [ { "cd" : 1,
        "desc" : "Siruseri EB3 II Flr SW"
      },
      { "cd" : 2,
        "desc" : "Siruseri EB1 V Flr SW"
      },
      { "cd" : 3,
        "desc" : "RTSC"
      },
      { "cd" : 4,
        "desc" : "Pune"
      }
    ],
 "porfolioList" : [	
			{
    			"portfolioCd":1,
    			"portfolioDescription":"Stores"
  			},
			{
    			"portfolioCd":2,
    			"portfolioDescription":"Merch"
  			},
			{
    			"portfolioCd":3,
    			"portfolioDescription":"SCM"
  			},
			{
    			"portfolioCd":4,
    			"portfolioDescription":"BI&ETL&DAO"
  			},
			{
    			"portfolioCd":5,
    			"portfolioDescription":"Ecom"
  			},
			{
    			"portfolioCd":6,
    			"portfolioDescription":"QA"
  			},
			{
    			"portfolioCd":7,
    			"portfolioDescription":"Account"
  			},
			{
    			"portfolioCd":8,
    			"portfolioDescription":"SAP"
  			},
			{
    			"portfolioCd":9,
    			"portfolioDescription":"IS Support"
  			},
  			{
    			"portfolioCd":10,
    			"portfolioDescription":"Pool"
  			}
		      ],
		      
		      
  "projectManagerList" : [ { "empNumber" : 144513,
        "firstName" : "Purushothaman",
        "lastName" : "M.E"
      } ],
  "roleList" : [ { "cd" : 1,
        "desc" : "TM"
      },
      { "cd" : 2,
        "desc" : "ML"
      },
      { "cd" : 3,
        "desc" : "PL"
      },
      { "cd" : 4,
        "desc" : "PM"
      },
      { "cd" : 5,
        "desc" : "DM"
      },
      { "cd" : 6,
        "desc" : "GL"
      }
    ],
  "visaStatusList" : [ 
     {
    			"visaStatsCd":1,
    			"visaStatsDesc":"Submitted"
  			},
			{
    			"visaStatsCd":2,
    			"visaStatsDesc":"Approval In Progress"
  			},
			{
    			"visaStatsCd":3,
    			"visaStatsDesc":"Approved"
  			},
  			{
    			"visaStatsCd":4,
    			"visaStatsDesc":"Rejected"
  			}
			
    ],
  "visaTypeList" : [
  
  
  
    {
    			"visaTypCd":1,
    			"visaTypDesc":"H1B Amendment"
  			},
			{
    			"visaTypCd":2,
    			"visaTypDesc":"L1 B"
  			},
			{
    			"visaTypCd":3,
    			"visaTypDesc":"L1 A"
  			},
			{
    			"visaTypCd":4,
    			"visaTypDesc":"B1"
  			}
    ],
    "contractTypList" : [ { "cd" : 1,
        "desc" : "Ranch"
      },
      { "cd" : 2,
        "desc" : "FP"
      },
      { "cd" : 3,
        "desc" : "T&M"
      }
    ],
    "technologyList" : [ { "cd" : 1,
        "desc" : "Java"
      },
      { "cd" : 2,
        "desc" : "Html / Jquery"
      },
      { "cd" : 3,
        "desc" : "Java/ Html /Jquery"
      },
      { "cd" : 4,
        "desc" : ".Net"
      },
      { "cd" : 5,
        "desc" : "Informix"
      },
      { "cd" : 6,
        "desc" : "BPM"
      },
      { "cd" : 7,
        "desc" : "Android"
      },
      { "cd" : 8,
        "desc" : "IOS"
      },
      { "cd" : 9,
        "desc" : "Windows Phone"
      }
    ]
}






 