{ "associateDetailsList" : [ { "accessCardNumber" : 0,
        "contractTypCd" : 0,
        "designationCd" : 8,
        "deskDetails" : { "extension" : 0,
            "seatNumber" : 0
          },
        "dob" : "1970-01-01",
        "doj" : "1995-01-01",
        "empNumber" : 107154,
        "firstName" : "Sarang",
        "lastName" : "R",
        "locationCd" : 0,
        "portfolioCd" : 1,
        "portfolioDesc" : "Stores",
        "prevExpMonths" : 0,
        "prevExpYears" : 0,
        "primaryContactNumber" : "1234567890",
        "primaryTechnologyCd" : 1,
        "primaryTechnologyDesc" : "Java",
        "projectId" : 0,
        "roleCd" : 6,
        "secondaryTechnologyCd" : 0,
        "supervisorEmpNumber" : 0,
        "thdDoj" : "2005-05-01",
        "visaDetails" : { "vtsId" : 0 },
        "workOrderNumber" : 0
      },
      { "accessCardNumber" : 0,
        "contractTypCd" : 0,
        "designationCd" : 8,
        "deskDetails" : { "extension" : 0,
            "seatNumber" : 0
          },
        "dob" : "1976-01-01",
        "doj" : "1999-01-01",
        "empNumber" : 110745,
        "firstName" : "Gnanasekar",
        "lastName" : "N",
        "locationCd" : 0,
        "portfolioCd" : 1,
        "portfolioDesc" : "Stores",
        "prevExpMonths" : 0,
        "prevExpYears" : 0,
        "primaryContactNumber" : "0987654321",
        "primaryTechnologyCd" : 1,
        "primaryTechnologyDesc" : "Java",
        "projectId" : 0,
        "roleCd" : 5,
        "secondaryTechnologyCd" : 0,
        "supervisorEmpNumber" : 107154,
        "thdDoj" : "2009-01-01",
        "visaDetails" : { "vtsId" : 0 },
        "workOrderNumber" : 0
      },
      { "accessCardNumber" : 676181,
        "contractTypCd" : 0,
        "designationCd" : 4,
        "deskDetails" : { "extension" : 0,
            "seatNumber" : 0
          },
        "dob" : "1981-11-04",
        "doj" : "2004-05-24",
        "empNumber" : 144513,
        "firstName" : "Purushothaman",
        "lastName" : "M.E",
        "ldapId" : "m7s75pe",
        "locationCd" : 0,
        "portfolioCd" : 1,
        "portfolioDesc" : "Stores",
        "prevExpMonths" : 0,
        "prevExpYears" : 0,
        "primaryContactNumber" : "9500169044",
        "primaryTechnologyCd" : 1,
        "primaryTechnologyDesc" : "Java",
        "projectId" : 1,
        "roleCd" : 4,
        "secondaryTechnologyCd" : 0,
        "supervisorEmpNumber" : 110745,
        "thdDoj" : "2006-06-01",
        "visaDetails" : { "vtsId" : 0 },
        "workOrderNumber" : 0
      },
      { "accessCardNumber" : 321456,
        "comments" : "Creating employee",
        "contractTypCd" : 0,
        "designationCd" : 1,
        "deskDetails" : { "extension" : 0,
            "seatNumber" : 0
          },
        "dob" : "1989-03-23",
        "doj" : "2010-01-01",
        "empNumber" : 380019,
        "firstName" : "Rakesh",
        "lastName" : "S",
        "ldapId" : "SXR8780",
        "locationCd" : 0,
        "portfolioCd" : 1,
        "portfolioDesc" : "Stores",
        "prevExpMonths" : 0,
        "prevExpYears" : 0,
        "primaryContactNumber" : "7667565571",
        "primaryTechnologyCd" : 1,
        "primaryTechnologyDesc" : "Java",
        "projectId" : 0,
        "roleCd" : 1,
        "secondaryTechnologyCd" : 0,
        "supervisorEmpNumber" : 144513,
        "thdDoj" : "2010-03-03",
        "visaDetails" : { "vtsId" : 0 },
        "workOrderNumber" : 0
      },
      { "accessCardNumber" : 0,
        "contractTypCd" : 0,
        "designationCd" : 8,
        "deskDetails" : { "extension" : 0,
            "seatNumber" : 0
          },
        "dob" : "1970-01-01",
        "doj" : "1995-01-01",
        "empNumber" : 107154,
        "firstName" : "Sarang",
        "lastName" : "R",
        "locationCd" : 0,
        "portfolioCd" : 1,
        "portfolioDesc" : "Stores",
        "prevExpMonths" : 0,
        "prevExpYears" : 0,
        "primaryContactNumber" : "1234567890",
        "primaryTechnologyCd" : 1,
        "primaryTechnologyDesc" : "Java",
        "projectId" : 0,
        "roleCd" : 6,
        "secondaryTechnologyCd" : 0,
        "supervisorEmpNumber" : 0,
        "thdDoj" : "2005-05-01",
        "visaDetails" : { "vtsId" : 0 },
        "workOrderNumber" : 0
      },
      { "accessCardNumber" : 0,
        "contractTypCd" : 0,
        "designationCd" : 8,
        "deskDetails" : { "extension" : 0,
            "seatNumber" : 0
          },
        "dob" : "1976-01-01",
        "doj" : "1999-01-01",
        "empNumber" : 110745,
        "firstName" : "Gnanasekar",
        "lastName" : "N",
        "locationCd" : 0,
        "portfolioCd" : 1,
        "portfolioDesc" : "Stores",
        "prevExpMonths" : 0,
        "prevExpYears" : 0,
        "primaryContactNumber" : "0987654321",
        "primaryTechnologyCd" : 1,
        "primaryTechnologyDesc" : "Java",
        "projectId" : 0,
        "roleCd" : 5,
        "secondaryTechnologyCd" : 0,
        "supervisorEmpNumber" : 107154,
        "thdDoj" : "2009-01-01",
        "visaDetails" : { "vtsId" : 0 },
        "workOrderNumber" : 0
      },
      { "accessCardNumber" : 676181,
        "contractTypCd" : 0,
        "designationCd" : 4,
        "deskDetails" : { "extension" : 0,
            "seatNumber" : 0
          },
        "dob" : "1981-11-04",
        "doj" : "2004-05-24",
        "empNumber" : 144513,
        "firstName" : "Purushothaman",
        "lastName" : "M.E",
        "ldapId" : "m7s75pe",
        "locationCd" : 0,
        "portfolioCd" : 1,
        "portfolioDesc" : "Stores",
        "prevExpMonths" : 0,
        "prevExpYears" : 0,
        "primaryContactNumber" : "9500169044",
        "primaryTechnologyCd" : 1,
        "primaryTechnologyDesc" : "Java",
        "projectId" : 1,
        "roleCd" : 4,
        "secondaryTechnologyCd" : 0,
        "supervisorEmpNumber" : 110745,
        "thdDoj" : "2006-06-01",
        "visaDetails" : { "vtsId" : 0 },
        "workOrderNumber" : 0
      },
      { "accessCardNumber" : 321456,
        "comments" : "Creating employee",
        "contractTypCd" : 0,
        "designationCd" : 1,
        "deskDetails" : { "extension" : 0,
            "seatNumber" : 0
          },
        "dob" : "1989-03-23",
        "doj" : "2010-01-01",
        "empNumber" : 380019,
        "firstName" : "Rakesh",
        "lastName" : "S",
        "ldapId" : "SXR8780",
        "locationCd" : 0,
        "portfolioCd" : 1,
        "portfolioDesc" : "Stores",
        "prevExpMonths" : 0,
        "prevExpYears" : 0,
        "primaryContactNumber" : "7667565571",
        "primaryTechnologyCd" : 1,
        "primaryTechnologyDesc" : "Java",
        "projectId" : 0,
        "roleCd" : 1,
        "secondaryTechnologyCd" : 0,
        "supervisorEmpNumber" : 144513,
        "thdDoj" : "2010-03-03",
        "visaDetails" : { "vtsId" : 0 },
        "workOrderNumber" : 0
      }
    ],
  "header" : { "code" : 0,
      "status" : 200
    },
  "totalBillable" : 0,
  "totalNonBillable" : 4,
  "totalPartiallyBillable" : 0,
  "totalResults" : 4
}