{"header":{"status":200,"code":0},"gameId":3,"chapterId":1,"templateId":1,"chapterTitle":"Agile Basic\t","chapterOrderNbr":1,"learning_format":"Text","learning":"Agile methodology is an alternative to traditional project management, typically used in software development. It helps teams to respond to unpredictability through incremental, iterative work cadences, known as sprints. Developers may also get days in between sprints, when team is free to work on any innovative topic.User stories are one of the primary development artifacts for agile project teams.A user story is a very high-level definition of a requirement, containing just enough information so that the developers can produce a reasonable estimate of the effort to implement it.User stories are prioritized by the customer (or the product owner in Scrum) to indicate which are most important for the system and will be broken down into tasks and estimated by the developers.Story that cannot be estimated until development team runs time-boxed investigation is called as spike. Scrum, Lean and Extreme programming are agile methodologies thatshare the same philosophy, characteristics and practices. But from on implementation standpoint, each one has its own receipie of practices, terminology and tactics.crum is a lightweight agile project management framework based on multiple small teams working in an interactive \u0026 independant manner.  Lean is an iterative agilemethodology that focusses the team on delivering value to the customer, and on the efficiency of the �Value Stream,� the mechanisms that deliver that Value. Main principles oflean methodology include Eliminating Waste,Amplifying Learning,Deciding as Late as Possible,Delivering as Fast as Possible,Empowering the Team,Building Integrity In andSeeing the Whole. Extreme programming is a disciplined approach to deliver high-quality software quickly and continously.Agile projects are normally estimated based on historical experience and its an off-the-cuff estimate for something, such as completion date of a project often called as wild-ass-guess.  Planning poker, a team building activity for achieving group consensus, is a popular tool for creating WAGs that are more likely to be realistic.","minScoreCompletion":0,"questionOptionsList":[{"questionId":1,"questionFormat":"Text","question":"Estimating the duration to complete a project called?","questionOrder":1,"question_tip":"","clueDescription":"WAG","questionCategory":"","questionSubCategory":"","questionCorrectScore":0,"questionInCorrectScore":0,"optionsList":[{"optionId":0,"optionFormat":"","options":"","isOptionCorrect":""}]},{"questionId":2,"questionFormat":"Text","question":"Story that cannot be estimated during time-boxed investigation?","questionOrder":2,"question_tip":"","clueDescription":"SPIKE","questionCategory":"","questionSubCategory":"","questionCorrectScore":0,"questionInCorrectScore":0,"optionsList":[{"optionId":0,"optionFormat":"","options":"","isOptionCorrect":""}]},{"questionId":3,"questionFormat":"Text","question":"Multiple small teams working in an intensive \u0026 independant manner?","questionOrder":3,"question_tip":"","clueDescription":"SCRUM","questionCategory":"","questionSubCategory":"","questionCorrectScore":0,"questionInCorrectScore":0,"optionsList":[{"optionId":0,"optionFormat":"","options":"","isOptionCorrect":""}]},{"questionId":4,"questionFormat":"Text","question":"Iteration of work which increments product functionality?","questionOrder":4,"question_tip":"","clueDescription":"SPRINT","questionCategory":"","questionSubCategory":"","questionCorrectScore":0,"questionInCorrectScore":0,"optionsList":[{"optionId":0,"optionFormat":"","options":"","isOptionCorrect":""}]},{"questionId":5,"questionFormat":"Text","question":"An Agile development model that eliminates waste?","questionOrder":5,"question_tip":"","clueDescription":"LEAN","questionCategory":"","questionSubCategory":"","questionCorrectScore":0,"questionInCorrectScore":0,"optionsList":[{"optionId":0,"optionFormat":"","options":"","isOptionCorrect":""}]}]}