{
  "header": {
    "status": 200,
    "code": 0
      },
  "data" :  
     
     [
     {
     
     "name" : "Alfreds Futterkiste",
"nanoPoint" : 100,
"nanoGame" : "3",
"nanoBadge" :"10",
"percentile" : "50",
"id":"1"
     
     },
      {
     
     "name" : "Lokesh Sahu",
"nanoPoint" : 100,
"nanoGame" : "3",
"nanoBadge" :"10",
"percentile" : "70",
"id":"2"
     
     },
     {
     
     "name" : "Sairam Mann",
"nanoPoint" : 100,
"nanoGame" : "3",
"nanoBadge" :"10",
"percentile" : "43",
"id":"3"
     
     },
     {
     
     "name" : "Rajesh Sahu",
"nanoPoint" : 100,
"nanoGame" : "3",
"nanoBadge" :"10",
"percentile" : "90",
"id":"4"
     
     }
     
     
     
     
     ]
    
   
   
    
    }