{
  "header": {
    "status": 200,
    "code": 0
  },

  "game": {
    "template":"LEARNING CART",
    "title":"SCRUM Process",
    "name":"SCRUM",
    "description":"This game provides a basic overview about the SDLC process following in The Home Depot"
  },

  "instructions": [
  	{
  	  "key":"Mission",
  	  "description":[
        {
          "value":"Complete the SCRUM process using Learning Cart"
        }     	 
  	  ]
  	},
    {
      "key":"Playing Rule",
      "description":[
        {
          "value":"You have to select the book which are applicable to the given title"
        },
        {
          "value":"Click on each book to know its detail and relationship with other books "
        },
        {
          "value":"After reading every book, Drag & Drop the required books sequentially in the cart for the mentioned process"
        },
        {
          "value":"Click 'Place Order', once the books are added in the cart"
        }
      ]
    },
    {
      "key":"Wallet Deduction Rule",
      "description":[
        {
          "value":"On start of game you will be provided $100"
        },
        {
          "value":"Once the order is placed, if",
          "subValue":[
            {
              "text":"Cart books are selected in sequential for the respective process, we will not deduct the wallet amount"
            },
            {
              "text":"Cart books are not selected in sequential, we will deduct $25 from wallet"
            },
            {
              "text":"Cart contained the irrelevant books to the process, we will deduct $25 from wallet"
            }
          ]
        },
        {
          "value":"The game will be over if your Wallet becomes $0"
        },
        {
          "value":"On successful selection, remaining wallet amount is your score"
        }
      ]
    }
  ],

"productDetails":[
      {
        "shortDesc": "Product Backlog",
        "productId": 2,
        "productKey": "SCRUM",
        "longDesc": "The product backlog comprises an ordered list of requirements that a team maintains for a product. It consists of features, bug fixes, non-functional requirements, etc.whatever needs doing in order to successfully deliver a viable product. The product owner orders the product backlog items (PBIs) based on considerations such as risk, business value, dependencies, and data needed.",
        "productCost": 20
      },
      {
        "shortDesc": "Sprint Weeks",
        "productId": 4,
        "productKey": "SCRUM",
        "longDesc": "A time period of Sprint (typically 1 to 4 weeks) in which development occurs on a set of backlog items that the team has committed too. Also commonly referred to as a time-box or iteration.",
        "productCost": 20
      },
      {
        "shortDesc": "Refactoring",
        "productId": 9,
        "productKey": "Common",
        "longDesc": "Refactoring is the process of restructuring existing computer code without changing its external behavior. Refactoring improves nonfunctional attributes of the software. Advantages include improved code readability and reduced complexity; these can improve source code maintainability and create a more expressive internal architecture or object model to improve extensibility.",
        "productCost": 30
      },
      {
        "shortDesc": "Team Backlog",
        "productId": 7,
        "productKey": "Common",
        "longDesc": "The Team Backlog represents the collection of all things a team needs to do to advance their portion of the system. It can contain user stories, future features, technical stories, defects, infrastructure work, spikes, refactors, etc. Most of theses stories are discovered during Release Planning, others are local the team specific context. There are number of sources that contribute content for the backlog, including program backlog, the teams local context and the needs of stakeholders outside the team.",
        "productCost": 30
      },
      {
        "shortDesc": "Program Backlog",
        "productId": 6,
        "productKey": "Common",
        "longDesc": "The Program Backlog is the single, definitive repository for all the upcoming work anticipated to advance the Agile Releases Train Solution. The backlog consist primarily of future features intended to address user needs and deliver business benefits, but it also includes the architectural features required to build the architectural runway. Effectively prioritizing and sequencing the features in the backlog using Weighted Shortest Job First (WSJF) is the responsibility of Product Management and is the key to economic success of the program. Since WSJF has a significant time-based component, the backlog is re-priotrized at every Program Increment boundary",
        "productCost": 30
      },
      {
        "shortDesc": "Shippable Product",
        "productId": 5,
        "productKey": "SCRUM",
        "longDesc": "The exit-criteria to determine whether a product backlog item is complete. In many cases requires all regression tests should be successful. This is referred as Definition of Done, it may vary from one scrum team to another, but must be consistent within one team for delivering potentially shippable increments of product at the end of each sprint",
        "productCost": 20
      },
      {
        "shortDesc": "Pair Programming",
        "productId": 8,
        "productKey": "Common",
        "longDesc": "Pair programming (peer programming) is an agile software development technique in which two programmers work as a pair together on one workstation. One, the driver, writes code while the other, the observer, pointer or navigator, reviews each line of code as it is typed in. The two programmers switch roles frequently.",
        "productCost": 30
      },
      {
        "shortDesc": "Vision",
        "productId": 1,
        "productKey": "SCRUM",
        "longDesc": "Vision is the art of seeing things invisible - Product Owner is responsible for the success of the product and its return on investment (ROI), they should lead the vision-creation activities through close collaboration with the team. For innovative projects, this team may include business and technical people; for instance, marketers, product and user interface designers, and developers. The more innovative and complex the product is, the more important the vision is and the more effort is required to create it.",
        "productCost": 20
      },
      {
        "shortDesc": "Sprint Backlog",
        "productId": 3,
        "productKey": "SCRUM",
        "longDesc": "The sprint backlog is the list of work the development team must address during the next sprint. The list is derived by selecting product backlog items from the top of the product backlog until the development team feels it has enough work to fill the sprint. This is done by the development team asking Can we also do this? and adding product backlog items to the sprint backlog. The development team should keep in mind its past performance assessing its capacity for the new sprint, and use this as a guide line of how much effort they can complete.",
        "productCost": 20
      },
      {
        "shortDesc": "Deployment",
        "productId": 10,
        "productKey": "Common",
        "longDesc": "Once the product is tested and ready to be deployed it is released formally in the appropriate market. Sometime product deployment happens in stages as per the organizations. business strategy. The product may first be released in a limited segment and tested in the real business environment (UAT- User acceptance testing).",
        "productCost": 10
      },
      {
        "shortDesc": "Construction",
        "productId": 11,
        "productKey": "Common",
        "longDesc": "Developers have to follow the coding guidelines defined by their organization and programming tools like compilers, interpreters, debuggers etc are used to generate the code. Different high level programming languages such as C, C++, Pascal, Java, and PHP are used for coding. The programming language is chosen with respect to the type of software being developed.",
        "productCost": 40
      },
      {
        "shortDesc": "Planning",
        "productId": 12,
        "productKey": "Common",
        "longDesc": "Planning for the quality assurance requirements and identification of the risks associated with the project is also done in the planning stage. The outcome of the technical feasibility study is to define the various technical approaches that can be followed to implement the project successfully with minimum risks.",
        "productCost": 30
      }
 ] 
}