{
	"header": {
	    "status": 200,
	    "code": 0
	  },
  "gamesList" : [{
			"id":"12",
			"name":"Agile Basics",
			"description":"Agile",
			"date":"2015 July 08",
			"players":"42",
			"totalScore":"232"
		},
		{
			"id":"13",
			"name":"Store Inventory Systems",
			"description":"SIS",
			"date":"2015 July 23",
			"players":"21",
			"totalScore":"21"
		}],
	"employeeList" :  [{
				"state":false,
				"id":"555216",
				"name":"Sairam",
				"completedGames":"2",
				"pointsEarned":"120",
				"badgeName":"badge_1"
			},
			{
				"state":false,
				"id":"555217",
				"name":"Venkat",
				"completedGames":"5",
				"pointsEarned":"200",
				"badgeName":"badge_2"
			},
			{
				"state":false,
				"id":"555218",
				"name":"Arun Kumar",
				"completedGames":"8",
				"pointsEarned":"400",
				"badgeName":"badge_3"
			}],
	"newAndPopular" : [{
				"date":"18 July 2015",
				"gameName":"Agile Basics",
				"portfolio":"Stores"
			},
			{
				"date":"19 July 2015",
				"gameName":"SIS",
				"portfolio":"Stores"
			},
			{
				"date":"21 Aug 2015",
				"gameName":"Buzz Words",
				"portfolio":"Stores"
			},
			{
				"date":"21 July 2015",
				"gameName":"SIS",
				"portfolio":"Stores"
			},
			{
				"date":"22 July 2015",
				"gameName":"Block Building",
				"portfolio":"Stores"
			}],
	"assignedGames" : [{
				"date":"18 July 2015",
				"gameName":"Agile Basics",
				"portfolio":"Stores"
			},
			{
				"date":"19 July 2015",
				"gameName":"SIS",
				"portfolio":"Stores"
			},
			{
				"date":"21 Aug 2015",
				"gameName":"Big Data",
				"portfolio":"Stores"
			},
			{
				"date":"21 July 2015",
				"gameName":"Design Systems",
				"portfolio":"Stores"
			},
			{
				"date":"22 July 2015",
				"gameName":"Store Mobility",
				"portfolio":"Stores"
			}],
	"updates" : [{
				"date":"18 July 2015",
				"gameName":"Agile Basics",
				"portfolio":"Stores"
			},
			{
				"date":"19 July 2015",
				"gameName":"SIS",
				"portfolio":"Stores"
			},
			{
				"date":"21 Aug 2015",
				"gameName":"Big Data",
				"portfolio":"Stores"
			},
			{
				"date":"21 July 2015",
				"gameName":"Design Systems",
				"portfolio":"Stores"
			},
			{
				"date":"22 July 2015",
				"gameName":"Store Mobility",
				"portfolio":"Stores"
			}],
	"completedNanoGames" : [{
				"id":"121",
				"name":"Big Data",
				"completedDate" : "19 Aug 2015",
				"description":"Buzz words description",
				"pointsEarned":"100"
			},
			{
				"id":"341",
				"name":"SIS",
				"completedDate" : "19 Aug 2015",
				"description":"SIS description",
				"pointsEarned":"100"
			},
			{
				"id":"167",
				"name":"Design Systems",
				"completedDate" : "19 Aug 2015",
				"description":"Cross Words description",
				"pointsEarned":"75"
			},
			{
				"id":"148",
				"name":"Agile",
				"completedDate" : "19 Aug 2015",
				"description":"Mine Sweeper description",
				"pointsEarned":"25"
			}]
}