{"header":{"status":200,"code":200,"message":"Data received","developerMessage":"Data received for Knowledge Hunt"},"matrix":[["L","L","L","L","L","L","L","L","L"],["B","B","1","L","L","L","L","L","L"],["B","T","2","L","L","L","L","L","L"],["B","T","2","L","L","L","L","L","L"],["1","B","B","1","L","L","L","L","L"],["L","B","T","2","B","1","L","L","L"],["L","1","1","3","T","2","L","L","L"],["L","L","L","2","T","2","L","L","L"],["L","L","L","B","B","1","L","L","L"]],"bombList":[{"bombDescription":"Characteristics of Agile management - multiple choice","choices":[{"optionDesc":"Use of cross-functional teams","isCorrect":"Y"},{"optionDesc":"Use of comprehensive testing after development completes","isCorrect":"N"},{"optionDesc":"Continous improvement","isCorrect":"Y"},{"optionDesc":"Focus on business priorities and customer values","isCorrect":"Y"},{"optionDesc":"Incremental development statergy","isCorrect":"Y"},{"optionDesc":"Lock down of requirements to a baseline","isCorrect":"N"},{"optionDesc":"SHort iterations","isCorrect":"Y"}],"answerDescription":"Agile project management builds continous improvement into the development process. After each iteration, customer provides feedback, which is then integrated into the next\r\niteration.This is useful especially in environments where requirements change often.","bombType":"M"},{"bombDescription":"Primary value of Agile approach","choices":[{"optionDesc":"Indiviudals have to interact to develop business value","isCorrect":"Y"},{"optionDesc":"Project documentation should be created","isCorrect":"N"},{"optionDesc":"Suitable contracts and project plans are created","isCorrect":"N"},{"optionDesc":"Processes and tools are needed to guide development","isCorrect":"N"}],"answerDescription":"With agile project management, product features with the highest priorities, to customers are developed first. Also, progress is measured in terms of each feature\u0027s readiness","bombType":"S"},{"bombDescription":"Role of inspection and adjustment in agile approach to development","choices":[{"optionDesc":"To accomodate change in the development process","isCorrect":"Y"},{"optionDesc":"To exceed customer expectations","isCorrect":"N"},{"optionDesc":"To ensure the project team adheres to the activities outlined in the project plan","isCorrect":"N"},{"optionDesc":"To continously upgrade sofware as it becomes obsolete","isCorrect":"N"}],"answerDescription":"Agile project mangement reduces the risk of developing wrong thing, building poor quality and not meeting the budget and schedule. Also it speeds up delivery , gernates value\r\nand reduces cost of changes.","bombType":"S"},{"bombDescription":"Parameter of agile triangles","choices":[{"optionDesc":"Value","isCorrect":"Y"},{"optionDesc":"Scope","isCorrect":"Y"},{"optionDesc":"Quality","isCorrect":"Y"},{"optionDesc":"Constraints","isCorrect":"N"},{"optionDesc":"Schedule","isCorrect":"N"}],"answerDescription":"Agile approach emphasizes the importance of having the customer provide frequent feedback and be available to answer questions throughout the development cycle.\r\nCustomers do not have the place to negotiating favourable terms and conditions with the development partners. ","bombType":"M"},{"bombDescription":"Which agile value is difficult and expensive to uphold if you are using the waterfall model to develop software","choices":[{"optionDesc":"The ability to control a project\u0027s scope","isCorrect":"N"},{"optionDesc":"Prioritizing interaction among developers and with the customer","isCorrect":"N"},{"optionDesc":"Responding to change","isCorrect":"Y"},{"optionDesc":"Fully defining customer requirements early in a project.","isCorrect":"N"}],"answerDescription":"\r\nAgile approach features ongoing response to change, with customer feedback gathered at the end of each short iteration and corresponding adjustments made into subsequent iterations.\r\nIN an environment, where change happens frequently, following a plan too strict can prevent a final product from meeting current needs.","bombType":"S"}],"treasureList":[{"treasureTitle":"Agile project management builds continous improvement into the development process. After each iteration, customer provides feedback, which is then integrated into the next\niteration.This is useful especially in environments where requirements change often.\n","treasureDescription":""},{"treasureTitle":"Cross-functional teams consists of team members from different functional area, with different areas and levels of expertise. Agile project management relies on the\nuse of cross functional teams, in which team members can draw on another\u0027s strenth and support throughout the project","treasureDescription":""},{"treasureTitle":"An iteration is a repeatable cycle in a process. As a part of development process, iterations allow for feedback and modification prior to system development.\nAgile system development make use of iterations. After each iteration, customer provides feedback.","treasureDescription":""},{"treasureTitle":"An incremental development startergy enables a product to grow in planned stages, or increments.  Parts of the product are developed at different times, based on feature\npriority and may be implemented in the form of releases throughout the cycle. ","treasureDescription":""},{"treasureTitle":"With agile project management, product features with the highest priorities, to customers are developed first. Also, progress is measured in terms of each feature\u0027s readiness for review and development by customers.","treasureDescription":""}]}