{
  "header": {
    "status": 200,
    "code": 0
  },
  "userDetails": {
    "empNbr": 118107,
    "firstName": "Priyaa",
    "lastName": "Anand",
    "roleCd": 5,
    "roleDesc": "DM",
    "portfolioCd": 1,
    "portfolioDesc": "Account",
    "isFirstTime": "N",
    "securityQuestions": [
      {
        "desc": "Mother\u0027s Maiden Name",
        "cd": 1,
        "portfolioCd": 0
      },
      {
        "desc": "Name of Birth City",
        "cd": 2,
        "portfolioCd": 0
      },
      {
        "desc": "Who is your childhood hero",
        "cd": 3,
        "portfolioCd": 0
      },
      {
        "desc": "what is your pets Name",
        "cd": 4,
        "portfolioCd": 0
      },
      {
        "desc": "Driving License Number",
        "cd": 5,
        "portfolioCd": 0
      },
      {
        "desc": "Favorite Cricket Player",
        "cd": 6,
        "portfolioCd": 0
      },
      {
        "desc": "Favorite Country",
        "cd": 7,
        "portfolioCd": 0
      }
    ],
    "token": "NKKBZurwCARhIKZ8WnSFjanEyQsMuuRtU/aVkz4qWfo\u003d"
  }
}