{
  "header": {
    "status": 200,
    "code": 0
  },
  "productDetails":[
      {
        "shortDesc": "QA",
        "productId": 6,
        "productKey": "SDLC",
        "longDesc": "This stage is usually a subset of all the stages as in the modern SDLC models, the testing activities are mostly involved in all the stages of SDLC. However this stage refers to the testing only stage of the product where products defects are reported, tracked, fixed and retested, until the product reaches the quality standards defined in the Software Requirement Specification documnet.",
        "productCost": 30
      },
      {
        "shortDesc": "Requirement Analysis",
        "productId": 1,
        "productKey": "SDLC",
        "longDesc": "Requirement analysis is the most important and fundamental stage in SDLC. It is performed by the senior members of the team with inputs from the customer, the sales department, market surveys and domain experts in the industry. This information is then used to plan the basic project approach and to conduct product feasibility study in the economical, operational, and technical areas.",
        "productCost": 50
      },
      {
        "shortDesc": "Construction",
        "productId": 4,
        "productKey": "SDLC",
        "longDesc": "Developers have to follow the coding guidelines defined by their organization and programming tools like compilers, interpreters, debuggers etc are used to generate the code. Different high level programming languages such as C, C++, Pascal, Java, and PHP are used for coding. The programming language is chosen with respect to the type of software being developed.",
        "productCost": 40
      },
      {
        "shortDesc": "Design Analysis",
        "productId": 3,
        "productKey": "SDLC",
        "longDesc": "A design approach clearly defines all the architectural modules of the product along with its communication and data flow representation with the external and third party modules (if any). The internal design of all the modules of the proposed architecture should be clearly defined with the minutest of the details in Design Document Specification",
        "productCost": 25
      },
      {
        "shortDesc": "Planning",
        "productId": 2,
        "productKey": "SDLC",
        "longDesc": "Planning for the quality assurance requirements and identification of the risks associated with the project is also done in the planning stage. The outcome of the technical feasibility study is to define the various technical approaches that can be followed to implement the project successfully with minimum risks.",
        "productCost": 30
      },
      {
        "shortDesc": "Unit Testing",
        "productId": 5,
        "productKey": "SDLC",
        "longDesc": "Unit Testing is the smallest testable parts of an application, called units, are individually and independently scrutinized for proper operation. Unit testing is often automated but it can also be done manually.",
        "productCost": 20
      },
      {
        "shortDesc": "Deployment",
        "productId": 7,
        "productKey": "SDLC",
        "longDesc": "Once the product is tested and ready to be deployed it is released formally in the appropriate market. Sometime product deployment happens in stages as per the organizations. business strategy. The product may first be released in a limited segment and tested in the real business environment (UAT- User acceptance testing).",
        "productCost": 10
      },
      {
        "shortDesc": "Scrum",
        "productId": 8,
        "productKey": "Common",
        "longDesc": "Scrum has only three roles: Product Owner, Team, and Scrum Master. The responsibilities of the traditional project manager role are split up among these three Scrum roles. It emphasizes empirical feedback, team self management, and striving to build properly tested product increments within short iterations.",
        "productCost": 15
      },
      {
        "shortDesc": "Timesheet Entry",
        "productId": 9,
        "productKey": "Common",
        "longDesc": "Timesheet is designed to save the time, need to make the most out of your workday",
        "productCost": 15
      }
  ] 
}