{
  "header": {
    "status": 200,
    "code": 0
  },
  "gameId": 1,
  "levelId": 1,
  "questionOptionsList": [
    {
      "questionId": 1,
      "questionFormat": "text",
      "question": "Prioritizing Product backlog",
      "questionOrder": 1,
      "question_tip": "",
      "clueDescription": "",
      "questionCategory": "",
      "questionSubCategory": "",
      "questionCorrectScore": 1,
      "questionInCorrectScore": 0,
      "learningFormat": "",
      "learning": "",
      "optionsList": [
        {
          "optionId": 1,
          "optionFormat": "text",
          "options": "Product owner",
          "isOptionCorrect": "Yes"
        },
        {
          "optionId": 2,
          "optionFormat": "text",
          "options": "Product Manager",
          "isOptionCorrect": "N"
        },
        {
          "optionId": 3,
          "optionFormat": "text",
          "options": "Developer",
          "isOptionCorrect": "N"
        },
        {
          "optionId": 4,
          "optionFormat": "text",
          "options": "Scrum master",
          "isOptionCorrect": "N"
        }
      ]
    },
    {
      "questionId": 2,
      "questionFormat": "text",
      "question": "What is Velocity in Agile ?",
      "questionOrder": 2,
      "question_tip": "",
      "clueDescription": "",
      "questionCategory": "",
      "questionSubCategory": "",
      "questionCorrectScore": 1,
      "questionInCorrectScore": 0,
      "learningFormat": "",
      "learning": "",
      "optionsList": [
        {
          "optionId": 1,
          "optionFormat": "text",
          "options": "Progress of work and features completed",
          "isOptionCorrect": "N"
        },
        {
          "optionId": 2,
          "optionFormat": "text",
          "options": "Project progress",
          "isOptionCorrect": "Yes"
        },
        {
          "optionId": 3,
          "optionFormat": "text",
          "options": "Metrics of earlier work",
          "isOptionCorrect": "N"
        },
        {
          "optionId": 4,
          "optionFormat": "text",
          "options": "Time-boxed",
          "isOptionCorrect": "N"
        }
      ]
    },
    {
      "questionId": 3,
      "questionFormat": "text",
      "question": "FDD",
      "questionOrder": 3,
      "question_tip": "",
      "clueDescription": "",
      "questionCategory": "",
      "questionSubCategory": "",
      "questionCorrectScore": 1,
      "questionInCorrectScore": 0,
      "learningFormat": "",
      "learning": "",
      "optionsList": [
        {
          "optionId": 1,
          "optionFormat": "text",
          "options": "Prescriptive framework for Planning",
          "isOptionCorrect": "Yes"
        },
        {
          "optionId": 2,
          "optionFormat": "text",
          "options": "use of short daily meetings",
          "isOptionCorrect": "N"
        },
        {
          "optionId": 3,
          "optionFormat": "text",
          "options": "focuses on simplicity and on ongoing testing",
          "isOptionCorrect": "N"
        },
        {
          "optionId": 4,
          "optionFormat": "text",
          "options": "focuses on ensuring the fitness of products",
          "isOptionCorrect": "N"
        }
      ]
    },
    {
      "questionId": 4,
      "questionFormat": "text",
      "question": "An Agile project Leader Role",
      "questionOrder": 4,
      "question_tip": "",
      "clueDescription": "",
      "questionCategory": "",
      "questionSubCategory": "",
      "questionCorrectScore": 1,
      "questionInCorrectScore": 0,
      "learningFormat": "",
      "learning": "",
      "optionsList": [
        {
          "optionId": 1,
          "optionFormat": "text",
          "options": "As a regulator",
          "isOptionCorrect": "N"
        },
        {
          "optionId": 2,
          "optionFormat": "text",
          "options": "As a monitor",
          "isOptionCorrect": "N"
        },
        {
          "optionId": 3,
          "optionFormat": "text",
          "options": "As a planner",
          "isOptionCorrect": "N"
        },
        {
          "optionId": 4,
          "optionFormat": "text",
          "options": "As a coach",
          "isOptionCorrect": "Yes"
        }
      ]
    },
    {
      "questionId": 5,
      "questionFormat": "text",
      "question": "One of the Primary Agile Value",
      "questionOrder": 5,
      "question_tip": "",
      "clueDescription": "",
      "questionCategory": "",
      "questionSubCategory": "",
      "questionCorrectScore": 1,
      "questionInCorrectScore": 0,
      "learningFormat": "",
      "learning": "",
      "optionsList": [
        {
          "optionId": 1,
          "optionFormat": "text",
          "options": "Development team can respond to change",
          "isOptionCorrect": "Yes"
        },
        {
          "optionId": 2,
          "optionFormat": "text",
          "options": "Project documentation is needed",
          "isOptionCorrect": "N"
        },
        {
          "optionId": 3,
          "optionFormat": "text",
          "options": "Processes and tools support project work",
          "isOptionCorrect": "N"
        },
        {
          "optionId": 4,
          "optionFormat": "text",
          "options": "Contracts should be negotiated",
          "isOptionCorrect": "N"
        }
      ]
    },
    {
      "questionId": 6,
      "questionFormat": "text",
      "question": "Role of project plan in Agile Development",
      "questionOrder": 6,
      "question_tip": "",
      "clueDescription": "",
      "questionCategory": "",
      "questionSubCategory": "",
      "questionCorrectScore": 1,
      "questionInCorrectScore": 0,
      "learningFormat": "",
      "learning": "",
      "optionsList": [
        {
          "optionId": 1,
          "optionFormat": "text",
          "options": "Outlies features delivery deadlines",
          "isOptionCorrect": "Yes"
        },
        {
          "optionId": 2,
          "optionFormat": "text",
          "options": "Helps product owner visualize final product",
          "isOptionCorrect": "N"
        },
        {
          "optionId": 3,
          "optionFormat": "text",
          "options": "Helps customer identify what the team should build",
          "isOptionCorrect": "N"
        },
        {
          "optionId": 4,
          "optionFormat": "text",
          "options": "activities a project team should complete",
          "isOptionCorrect": "N"
        }
      ]
    },
    {
      "questionId": 7,
      "questionFormat": "text",
      "question": "One of the Characteristic of Agile Model",
      "questionOrder": 7,
      "question_tip": "",
      "clueDescription": "",
      "questionCategory": "",
      "questionSubCategory": "",
      "questionCorrectScore": 1,
      "questionInCorrectScore": 0,
      "learningFormat": "",
      "learning": "",
      "optionsList": [
        {
          "optionId": 1,
          "optionFormat": "text",
          "options": "Builds product in increments",
          "isOptionCorrect": "Yes"
        },
        {
          "optionId": 2,
          "optionFormat": "text",
          "options": "Divides project into five consecutive phases",
          "isOptionCorrect": "N"
        },
        {
          "optionId": 3,
          "optionFormat": "text",
          "options": "Use linear development process",
          "isOptionCorrect": "N"
        },
        {
          "optionId": 4,
          "optionFormat": "text",
          "options": "Non iterative approach",
          "isOptionCorrect": "N"
        }
      ]
    },
    {
      "questionId": 8,
      "questionFormat": "text",
      "question": "Purpose of Inspection and Adjustment in Agile approach ?",
      "questionOrder": 8,
      "question_tip": "",
      "clueDescription": "",
      "questionCategory": "",
      "questionSubCategory": "",
      "questionCorrectScore": 1,
      "questionInCorrectScore": 0,
      "learningFormat": "",
      "learning": "",
      "optionsList": [
        {
          "optionId": 1,
          "optionFormat": "text",
          "options": "Integerate adaptation to change",
          "isOptionCorrect": "Yes"
        },
        {
          "optionId": 2,
          "optionFormat": "text",
          "options": "Ensure team applies what's in project plan",
          "isOptionCorrect": "N"
        },
        {
          "optionId": 3,
          "optionFormat": "text",
          "options": "collate additional requirements",
          "isOptionCorrect": "N"
        },
        {
          "optionId": 4,
          "optionFormat": "text",
          "options": "check project meets scheduling and cost",
          "isOptionCorrect": "N"
        }
      ]
    },
    {
      "questionId": 9,
      "questionFormat": "text",
      "question": "One of the Primary Agile Value",
      "questionOrder": 9,
      "question_tip": "",
      "clueDescription": "",
      "questionCategory": "",
      "questionSubCategory": "",
      "questionCorrectScore": 1,
      "questionInCorrectScore": 0,
      "learningFormat": "",
      "learning": "",
      "optionsList": [
        {
          "optionId": 1,
          "optionFormat": "text",
          "options": "Development team can respond to change",
          "isOptionCorrect": "Yes"
        },
        {
          "optionId": 2,
          "optionFormat": "text",
          "options": "Project documentation is needed",
          "isOptionCorrect": "N"
        },
        {
          "optionId": 3,
          "optionFormat": "text",
          "options": "Processes and tools support project work",
          "isOptionCorrect": "N"
        },
        {
          "optionId": 4,
          "optionFormat": "text",
          "options": "Contracts should be negotiated",
          "isOptionCorrect": "N"
        }
      ]
    },
    {
      "questionId": 10,
      "questionFormat": "text",
      "question": "Role of project plan in Agile Development",
      "questionOrder": 10,
      "question_tip": "",
      "clueDescription": "",
      "questionCategory": "",
      "questionSubCategory": "",
      "questionCorrectScore": 1,
      "questionInCorrectScore": 0,
      "learningFormat": "",
      "learning": "",
      "optionsList": [
        {
          "optionId": 1,
          "optionFormat": "text",
          "options": "Outlies features delivery deadlines",
          "isOptionCorrect": "Yes"
        },
        {
          "optionId": 2,
          "optionFormat": "text",
          "options": "Helps product owner visualize final product",
          "isOptionCorrect": "N"
        },
        {
          "optionId": 3,
          "optionFormat": "text",
          "options": "Helps customer identify what the team should build",
          "isOptionCorrect": "N"
        },
        {
          "optionId": 4,
          "optionFormat": "text",
          "options": "activities a project team should complete",
          "isOptionCorrect": "N"
        }
      ]
    },
    {
      "questionId": 11,
      "questionFormat": "text",
      "question": "One of the Characteristic of Agile Model",
      "questionOrder": 11,
      "question_tip": "",
      "clueDescription": "",
      "questionCategory": "",
      "questionSubCategory": "",
      "questionCorrectScore": 1,
      "questionInCorrectScore": 0,
      "learningFormat": "",
      "learning": "",
      "optionsList": [
        {
          "optionId": 1,
          "optionFormat": "text",
          "options": "Builds product in increments",
          "isOptionCorrect": "Yes"
        },
        {
          "optionId": 2,
          "optionFormat": "text",
          "options": "Divides project into five consecutive phases",
          "isOptionCorrect": "N"
        },
        {
          "optionId": 3,
          "optionFormat": "text",
          "options": "Use linear development process",
          "isOptionCorrect": "N"
        },
        {
          "optionId": 4,
          "optionFormat": "text",
          "options": "Non iterative approach",
          "isOptionCorrect": "N"
        }
      ]
    },
    {
      "questionId": 12,
      "questionFormat": "text",
      "question": "Purpose of Inspection and Adjustment in Agile approach ?",
      "questionOrder": 12,
      "question_tip": "",
      "clueDescription": "",
      "questionCategory": "",
      "questionSubCategory": "",
      "questionCorrectScore": 1,
      "questionInCorrectScore": 0,
      "learningFormat": "",
      "learning": "",
      "optionsList": [
        {
          "optionId": 1,
          "optionFormat": "text",
          "options": "Integerate adaptation to change",
          "isOptionCorrect": "Yes"
        },
        {
          "optionId": 2,
          "optionFormat": "text",
          "options": "Ensure team applies what's in project plan",
          "isOptionCorrect": "N"
        },
        {
          "optionId": 3,
          "optionFormat": "text",
          "options": "collate additional requirements",
          "isOptionCorrect": "N"
        },
        {
          "optionId": 4,
          "optionFormat": "text",
          "options": "check project meets scheduling and cost",
          "isOptionCorrect": "N"
        }
      ]
    }
  ]
}