<?xml version="1.0" encoding="UTF-8"?>
<beans xmlns="http://www.springframework.org/schema/beans"
   xmlns:context="http://www.springframework.org/schema/context"
   xmlns:xsi="http://www.w3.org/2001/XMLSchema-instance"
   xsi:schemaLocation="
   http://www.springframework.org/schema/beans     
   http://www.springframework.org/schema/beans/spring-beans.xsd
   http://www.springframework.org/schema/context 
   http://www.springframework.org/schema/context/spring-context.xsd">

  <context:component-scan base-package="com.*" />
  
  
  <context:annotation-config/>

   <!-- <bean class="org.springframework.web.filter.CorsFilter">
		<property name="interceptors">
			<list>
				<ref bean="CorsInterceptor" />
			</list>
		</property>
	</bean> -->
 
	<bean id="MyFilter" 
                 class="com.homedepot.ipcameracontroller.MyFilter" />
       
 
</beans>